{
  "percentiles": {
    "vel_left_wrist_x": [
      -0.15717964493456135,
      0.16794514208629027
    ],
    "vel_left_wrist_y": [
      -0.24408842648083193,
      0.24043186618972778
    ],
    "speed_left_wrist": [
      0.0002333528670783958,
      0.3151439881637739
    ],
    "vel_right_wrist_x": [
      -0.15107975973794593,
      0.1699421787387569
    ],
    "vel_right_wrist_y": [
      -0.24881421108884277,
      0.24668482030814246
    ],
    "speed_right_wrist": [
      0.00022234443219883659,
      0.32317246647246345
    ],
    "vel_left_elbow_x": [
      -0.11654292671013801,
      0.10628121222670313
    ],
    "vel_left_elbow_y": [
      -0.13165850624131312,
      0.11786185281165526
    ],
    "speed_left_elbow": [
      0.00020128994303969495,
      0.17584232750081133
    ],
    "vel_right_elbow_x": [
      -0.10078688808506811,
      0.12158716044050275
    ],
    "vel_right_elbow_y": [
      -0.14534656469770574,
      0.13034693233908495
    ],
    "speed_right_elbow": [
      0.0002239106364605741,
      0.1914437831428412
    ],
    "vel_left_shoulder_x": [
      -0.0799359550392667,
      0.06384193581024238
    ],
    "vel_left_shoulder_y": [
      -0.047081011344016634,
      0.03330268078266101
    ],
    "speed_left_shoulder": [
      0.00015517757956955096,
      0.09783881754455356
    ],
    "vel_right_shoulder_x": [
      -0.0680098528619461,
      0.08135034958091963
    ],
    "vel_right_shoulder_y": [
      -0.04720631617435717,
      0.047215132029958126
    ],
    "speed_right_shoulder": [
      0.0001565029379102987,
      0.10026168413933705
    ],
    "vel_left_hip_x": [
      -0.04427616865157946,
      0.03278758439969825
    ],
    "vel_left_hip_y": [
      -0.00859763151356962,
      0.006933935149604079
    ],
    "speed_left_hip": [
      3.884359632170589e-05,
      0.049249465923462736
    ],
    "vel_right_hip_x": [
      -0.03278758439969799,
      0.04427616865157975
    ],
    "vel_right_hip_y": [
      -0.006933935149603969,
      0.008597631513569263
    ],
    "speed_right_hip": [
      3.884359632204725e-05,
      0.049249465923463076
    ],
    "vel_left_knee_x": [
      -0.06407952763882407,
      0.04750564107817032
    ],
    "vel_left_knee_y": [
      -0.021643356145582715,
      0.02282046756352348
    ],
    "speed_left_knee": [
      0.00012456068329010116,
      0.08122720183302144
    ],
    "vel_right_knee_x": [
      -0.049849418485591795,
      0.0561544482638153
    ],
    "vel_right_knee_y": [
      -0.020646157583755466,
      0.022211819070050317
    ],
    "speed_right_knee": [
      0.00011542032286448817,
      0.07858332303672481
    ],
    "vel_nose_x": [
      -0.04970110954618654,
      0.053133909901140974
    ],
    "vel_nose_y": [
      -0.06634213983869774,
      0.04707012467287261
    ],
    "speed_nose": [
      0.00020143325371466136,
      0.09344460143388998
    ],
    "vel_mid_hip_x": [
      -3.5388358909926865e-16,
      3.5388358909926865e-16
    ],
    "vel_mid_hip_y": [
      -3.5041414214731503e-16,
      3.5041414214731503e-16
    ],
    "speed_mid_hip": [
      0.0,
      4.924972824480642e-16
    ],
    "mean_wrist_speed": [
      0.00042414173356249173,
      0.3074760464366832
    ],
    "mean_arm_speed": [
      0.000571521563628418,
      0.23546733361195005
    ],
    "mean_hip_speed": [
      2.589573088137376e-05,
      0.03283297728230867
    ],
    "mean_lower_body_speed": [
      0.0001291437493306443,
      0.044678729225828405
    ],
    "upper_body_motion_energy": [
      2.671887382305284e-06,
      0.25725013212114894
    ],
    "whole_body_motion_energy": [
      4.674999418458284e-06,
      0.2672766708353235
    ]
  },
  "mean": {
    "vel_left_wrist_x": -0.001911692496299165,
    "vel_left_wrist_y": -0.003802536055804272,
    "speed_left_wrist": 0.038436914463556744,
    "vel_right_wrist_x": -0.0010952903811406872,
    "vel_right_wrist_y": -0.004068531455652298,
    "speed_right_wrist": 0.03708954959596852,
    "vel_left_elbow_x": -0.002027045105765399,
    "vel_left_elbow_y": -0.0016520257324969384,
    "speed_left_elbow": 0.023905789474578425,
    "vel_right_elbow_x": -0.0001656952223131546,
    "vel_right_elbow_y": -0.0019420757626905654,
    "speed_right_elbow": 0.024343105665446133,
    "vel_left_shoulder_x": -0.0014056812284229028,
    "vel_left_shoulder_y": -0.00045362674465654936,
    "speed_left_shoulder": 0.01104365794171066,
    "vel_right_shoulder_x": 0.00047159227827966825,
    "vel_right_shoulder_y": -0.000609367925686114,
    "speed_right_shoulder": 0.01158706633879504,
    "vel_left_hip_x": -0.0006055851844351227,
    "vel_left_hip_y": 3.842575717689318e-05,
    "speed_left_hip": 0.003907016292956964,
    "vel_right_hip_x": 0.0006055851844351252,
    "vel_right_hip_y": -3.8425757176894553e-05,
    "speed_right_hip": 0.003907016292956969,
    "vel_left_knee_x": -0.0009879741038923084,
    "vel_left_knee_y": 0.00010884302980931199,
    "speed_left_knee": 0.007255356744342373,
    "vel_right_knee_x": 0.0003137166308291294,
    "vel_right_knee_y": -7.294074582817048e-05,
    "speed_right_knee": 0.00698333422093078,
    "vel_nose_x": -0.0007085586054867076,
    "vel_nose_y": -0.001100980138897036,
    "speed_nose": 0.0112198432708216,
    "vel_mid_hip_x": -3.418935696151969e-20,
    "vel_mid_hip_y": -6.377523576527193e-20,
    "speed_mid_hip": 1.5479287998354276e-16,
    "mean_wrist_speed": 0.037795041901692715,
    "mean_arm_speed": 0.030973895605010068,
    "mean_hip_speed": 0.00260467752863803,
    "mean_lower_body_speed": 0.004409673513796149,
    "upper_body_motion_energy": 0.013170502568799276,
    "whole_body_motion_energy": 0.014058955830460199
  },
  "std": {
    "vel_left_wrist_x": 0.03728466594750463,
    "vel_left_wrist_y": 0.052831660922130326,
    "speed_left_wrist": 0.05544724637776798,
    "vel_right_wrist_x": 0.036673576164364056,
    "vel_right_wrist_y": 0.05263302897114588,
    "speed_right_wrist": 0.055770986865410044,
    "vel_left_elbow_x": 0.025798857123273043,
    "vel_left_elbow_y": 0.027941436666815644,
    "speed_left_elbow": 0.03142281783338609,
    "vel_right_elbow_x": 0.025860546193045415,
    "vel_right_elbow_y": 0.029816836737123077,
    "speed_right_elbow": 0.03322096434412264,
    "vel_left_shoulder_x": 0.01525044356255652,
    "vel_left_shoulder_y": 0.009207683520689744,
    "speed_left_shoulder": 0.015130393231934519,
    "vel_right_shoulder_x": 0.015905343741000912,
    "vel_right_shoulder_y": 0.010260908743138793,
    "speed_right_shoulder": 0.016092753940842575,
    "vel_left_hip_x": 0.007566297020288706,
    "vel_left_hip_y": 0.0017080336947276388,
    "speed_left_hip": 0.007170098097291361,
    "vel_right_hip_x": 0.007566297020288709,
    "vel_right_hip_y": 0.0017080336947276282,
    "speed_right_hip": 0.007170098097291372,
    "vel_left_knee_x": 0.010593735872012981,
    "vel_left_knee_y": 0.005151927332710914,
    "speed_left_knee": 0.010876993489531413,
    "vel_right_knee_x": 0.010015661097827687,
    "vel_right_knee_y": 0.004992243739263776,
    "speed_right_knee": 0.010254994192965524,
    "vel_nose_x": 0.011283899453146201,
    "vel_nose_y": 0.012272363542065559,
    "speed_nose": 0.01377304721882101,
    "vel_mid_hip_x": 1.261405041158771e-16,
    "vel_mid_hip_y": 1.3254845127256636e-16,
    "speed_mid_hip": 1.0027801320720065e-16,
    "mean_wrist_speed": 0.052349010585398745,
    "mean_arm_speed": 0.04035681598539612,
    "mean_hip_speed": 0.004780065398194245,
    "mean_lower_body_speed": 0.0062589918024627215,
    "upper_body_motion_energy": 0.03364655667083544,
    "whole_body_motion_energy": 0.03521562882292755
  }
}